<?xml version="1.0" encoding="UTF-8"?>

<configuration>
    <property name="DEV_HOME" value="./project-service/logs"/>
    <property name="APP_NAME" value="project-service"/>

    <appender name="STDOUT" class="ch.qos.logback.core.ConsoleAppender">
        <layout class="ch.qos.logback.classic.PatternLayout">
            <Pattern>
                %d{yyyy-MM-dd HH:mm:ss} %-5level [%thread] %logger{36} - %msg%n
            </Pattern>
        </layout>
    </appender>

    <appender name="FILE"
              class="ch.qos.logback.core.rolling.RollingFileAppender">
        <file>${DEV_HOME}/${APP_NAME}.log</file>
        <encoder class="ch.qos.logback.classic.encoder.PatternLayoutEncoder">
            <Pattern>
                %d{yyyy-MM-dd HH:mm:ss} [%thread] %-5level %logger{36} - %msg%n
            </Pattern>
        </encoder>
        <rollingPolicy class="ch.qos.logback.core.rolling.TimeBasedRollingPolicy">
            <!-- rollover daily -->
            <fileNamePattern>${DEV_HOME}/archived/${APP_NAME}-log.%d{yyyy-MM-dd}.%i.log
            </fileNamePattern>
            <timeBasedFileNamingAndTriggeringPolicy
                    class="ch.qos.logback.core.rolling.SizeAndTimeBasedFNATP">
                <maxFileSize>10MB</maxFileSize>
            </timeBasedFileNamingAndTriggeringPolicy>
        </rollingPolicy>
    </appender>


<!--    log levels     trace>debug>info>warn>error    -->
    <logger name="com.cydeo" level="info" additivity="false">
        <appender-ref ref="FILE"/>
        <appender-ref ref="STDOUT"/>
    </logger>

    <root level="info">
        <appender-ref ref="FILE"/>
        <appender-ref ref="STDOUT"/>
    </root>

</configuration>
